STATION,NAME,LATITUDE,LONGITUDE,ELEVATION,DATE,AWND,DAPR,MDPR,PGTM,PRCP,SNOW,SNWD,TAVG,TMAX,TMIN,TOBS,WDF2,WDF5,WESD,WESF,WSF2,WSF5,WT01,WT02,WT03,WT05,WT07,WT08,WT11
USW00093134,"LOS ANGELES DOWNTOWN USC, CA US",34.0236,-118.2911,54.6,1/1/2021,0.22,,,,0,,,,70,45,,250,260,,,6,11,0,0,,,,1,
USW00093134,"LOS ANGELES DOWNTOWN USC, CA US",34.0236,-118.2911,54.6,1/2/2021,0.45,,,,0,,,,66,47,,270,270,,,6.9,10.1,1,0,,,,1,
USW00093134,"LOS ANGELES DOWNTOWN USC, CA US",34.0236,-118.2911,54.6,1/3/2021,1.12,,,,0,,,,64,50,,270,260,,,6.9,12.1,1,0,,,,1,
USW00093134,"LOS ANGELES DOWNTOWN USC, CA US",34.0236,-118.2911,54.6,1/4/2021,0.89,,,,0,,,,62,48,,260,270,,,8.9,14.1,1,0,,,,1,
USW00093134,"LOS ANGELES DOWNTOWN USC, CA US",34.0236,-118.2911,54.6,1/5/2021,0.67,,,,0,,,,63,48,,260,270,,,8.1,11,1,1,,,,1,
USW00093134,"LOS ANGELES DOWNTOWN USC, CA US",34.0236,-118.2911,54.6,1/6/2021,0.22,,,,0,,,,72,48,,270,270,,,6.9,10.1,1,0,,,,1,
USW00093134,"LOS ANGELES DOWNTOWN USC, CA US",34.0236,-118.2911,54.6,1/7/2021,0.89,,,,0,,,,75,45,,270,270,,,6.9,11,1,0,,,,1,
USW00093134,"LOS ANGELES DOWNTOWN USC, CA US",34.0236,-118.2911,54.6,1/8/2021,1.12,,,,0,,,,68,46,,20,360,,,6.9,12.1,1,0,,,,1,
USW00093134,"LOS ANGELES DOWNTOWN USC, CA US",34.0236,-118.2911,54.6,1/9/2021,1.34,,,,0,,,,74,49,,100,100,,,6.9,10.1,0,0,,,,1,
USW00093134,"LOS ANGELES DOWNTOWN USC, CA US",34.0236,-118.2911,54.6,1/10/2021,1.12,,,,0,,,,72,47,,260,260,,,6.9,11,0,0,,,,0,
USW00093134,"LOS ANGELES DOWNTOWN USC, CA US",34.0236,-118.2911,54.6,1/11/2021,0.67,,,,0,,,,74,46,,260,280,,,8.1,14.1,0,0,,,,0,
USW00093134,"LOS ANGELES DOWNTOWN USC, CA US",34.0236,-118.2911,54.6,1/12/2021,1.12,,,,0,,,,72,48,,60,90,,,6.9,10.1,0,0,,,,1,
USW00093134,"LOS ANGELES DOWNTOWN USC, CA US",34.0236,-118.2911,54.6,1/13/2021,0.89,,,,0,,,,75,48,,270,270,,,6.9,11,0,0,,,,1,
USW00093134,"LOS ANGELES DOWNTOWN USC, CA US",34.0236,-118.2911,54.6,1/14/2021,0.45,,,,0,,,,83,50,,260,270,,,6,8.9,0,0,,,,1,
USW00093134,"LOS ANGELES DOWNTOWN USC, CA US",34.0236,-118.2911,54.6,1/15/2021,0,,,,0,,,,88,52,,120,270,,,4.9,6.9,0,0,,,,0,
USW00093134,"LOS ANGELES DOWNTOWN USC, CA US",34.0236,-118.2911,54.6,1/16/2021,0,,,,0,,,,88,54,,100,100,,,6.9,10.1,0,0,,,,0,
USW00093134,"LOS ANGELES DOWNTOWN USC, CA US",34.0236,-118.2911,54.6,1/17/2021,0.45,,,,0,,,,86,54,,270,270,,,8.1,11,0,0,,,,0,
USW00093134,"LOS ANGELES DOWNTOWN USC, CA US",34.0236,-118.2911,54.6,1/18/2021,0.67,,,,0,,,,79,53,,260,270,,,6.9,12.1,0,0,,,,1,
USW00093134,"LOS ANGELES DOWNTOWN USC, CA US",34.0236,-118.2911,54.6,1/19/2021,2.91,,,,0,,,,71,56,,70,110,,,16.1,32,0,0,,,,1,
USW00093134,"LOS ANGELES DOWNTOWN USC, CA US",34.0236,-118.2911,54.6,1/20/2021,0.89,,,,0,,,,77,53,,130,130,,,8.1,13,0,0,,,,0,
USW00093134,"LOS ANGELES DOWNTOWN USC, CA US",34.0236,-118.2911,54.6,1/21/2021,1.12,,,,0,,,,71,53,,260,260,,,8.1,14.1,0,0,,,,1,
USW00093134,"LOS ANGELES DOWNTOWN USC, CA US",34.0236,-118.2911,54.6,1/22/2021,2.68,,,,0,,,,64,51,,270,280,,,8.9,16.1,0,0,,,,0,
USW00093134,"LOS ANGELES DOWNTOWN USC, CA US",34.0236,-118.2911,54.6,1/23/2021,1.57,,,,0.38,,,,56,48,,330,330,,,6.9,13,1,0,,,,0,
USW00093134,"LOS ANGELES DOWNTOWN USC, CA US",34.0236,-118.2911,54.6,1/24/2021,2.24,,,,0.07,,,,60,43,,260,270,,,8.9,17,1,0,,,,0,
USW00093134,"LOS ANGELES DOWNTOWN USC, CA US",34.0236,-118.2911,54.6,1/25/2021,2.68,,,,0.29,,,,56,43,,270,270,,,15,30,1,0,,,,0,
USW00093134,"LOS ANGELES DOWNTOWN USC, CA US",34.0236,-118.2911,54.6,1/26/2021,1.79,,,,0,,,,58,40,,100,260,,,6,11,0,0,,,,0,
USW00093134,"LOS ANGELES DOWNTOWN USC, CA US",34.0236,-118.2911,54.6,1/27/2021,4.25,,,,0,,,,61,50,,140,120,,,13,18.1,0,0,,,,0,
USW00093134,"LOS ANGELES DOWNTOWN USC, CA US",34.0236,-118.2911,54.6,1/28/2021,3.13,,,,0.98,,,,65,46,,130,130,,,10.1,19.9,1,0,,,,0,
USW00093134,"LOS ANGELES DOWNTOWN USC, CA US",34.0236,-118.2911,54.6,1/29/2021,0.67,,,,0.72,,,,54,46,,100,110,,,8.9,13,1,0,,,,0,
USW00093134,"LOS ANGELES DOWNTOWN USC, CA US",34.0236,-118.2911,54.6,1/30/2021,0.89,,,,0,,,,64,44,,270,270,,,6.9,10.1,0,0,,,,0,
USW00093134,"LOS ANGELES DOWNTOWN USC, CA US",34.0236,-118.2911,54.6,1/31/2021,1.12,,,,0,,,,71,48,,80,100,,,6.9,8.9,0,0,,,,0,
USW00093134,"LOS ANGELES DOWNTOWN USC, CA US",34.0236,-118.2911,54.6,2/1/2021,0.89,,,,0,,,,73,58,,260,270,,,6,8.9,0,0,,,,1,
USW00093134,"LOS ANGELES DOWNTOWN USC, CA US",34.0236,-118.2911,54.6,2/2/2021,0.67,,,,0,,,,71,54,,260,260,,,6.9,11,0,0,,,,0,
USW00093134,"LOS ANGELES DOWNTOWN USC, CA US",34.0236,-118.2911,54.6,2/3/2021,0.89,,,,0,,,,67,49,,260,260,,,6.9,13,0,0,,,,0,
USW00093134,"LOS ANGELES DOWNTOWN USC, CA US",34.0236,-118.2911,54.6,2/4/2021,0.45,,,,0,,,,66,52,,270,260,,,6.9,12.1,0,0,,,,0,
USW00093134,"LOS ANGELES DOWNTOWN USC, CA US",34.0236,-118.2911,54.6,2/5/2021,1.12,,,,0,,,,69,50,,270,270,,,8.1,13,1,0,,,,1,
USW00093134,"LOS ANGELES DOWNTOWN USC, CA US",34.0236,-118.2911,54.6,2/6/2021,0.89,,,,0,,,,73,47,,280,270,,,6,11,0,0,,,,0,
USW00093134,"LOS ANGELES DOWNTOWN USC, CA US",34.0236,-118.2911,54.6,2/7/2021,0.89,,,,0,,,,69,48,,260,270,,,8.1,12.1,1,1,,,,1,
USW00093134,"LOS ANGELES DOWNTOWN USC, CA US",34.0236,-118.2911,54.6,2/8/2021,1.34,,,,0,,,,65,51,,270,270,,,8.1,12.1,1,0,,,,1,
USW00093134,"LOS ANGELES DOWNTOWN USC, CA US",34.0236,-118.2911,54.6,2/9/2021,1.12,,,,0,,,,62,54,,260,270,,,6.9,11,0,0,,,,1,
USW00093134,"LOS ANGELES DOWNTOWN USC, CA US",34.0236,-118.2911,54.6,2/10/2021,0.67,,,,0,,,,62,52,,260,260,,,8.1,12.1,0,0,,,,1,
USW00093134,"LOS ANGELES DOWNTOWN USC, CA US",34.0236,-118.2911,54.6,2/11/2021,1.12,,,,0,,,,68,48,,260,270,,,8.9,16.1,1,0,,,,1,
USW00093134,"LOS ANGELES DOWNTOWN USC, CA US",34.0236,-118.2911,54.6,2/12/2021,3.13,,,,0,,,,70,55,,270,330,,,12.1,21.9,0,0,,,,1,
USW00093134,"LOS ANGELES DOWNTOWN USC, CA US",34.0236,-118.2911,54.6,2/13/2021,2.24,,,,0,,,,64,54,,340,330,,,10.1,17,0,0,,,,0,
USW00093134,"LOS ANGELES DOWNTOWN USC, CA US",34.0236,-118.2911,54.6,2/14/2021,4.92,,,,0,,,,71,57,,270,280,,,14.1,23,0,0,,,,0,
USW00093134,"LOS ANGELES DOWNTOWN USC, CA US",34.0236,-118.2911,54.6,2/15/2021,2.24,,,,0,,,,66,52,,90,260,,,8.1,14.1,0,0,,,,0,
USW00093134,"LOS ANGELES DOWNTOWN USC, CA US",34.0236,-118.2911,54.6,2/16/2021,3.8,,,,0,,,,70,53,,260,330,,,13,25.1,1,0,,,,1,
USW00093134,"LOS ANGELES DOWNTOWN USC, CA US",34.0236,-118.2911,54.6,2/17/2021,2.68,,,,0,,,,71,49,,270,10,,,10.1,18.1,0,0,,,,0,
USW00093134,"LOS ANGELES DOWNTOWN USC, CA US",34.0236,-118.2911,54.6,2/18/2021,1.57,,,,0,,,,69,47,,270,270,,,8.9,14.1,0,0,,,,1,
USW00093134,"LOS ANGELES DOWNTOWN USC, CA US",34.0236,-118.2911,54.6,2/19/2021,1.12,,,,0,,,,71,47,,260,260,,,8.9,15,0,0,,,,0,
USW00093134,"LOS ANGELES DOWNTOWN USC, CA US",34.0236,-118.2911,54.6,2/20/2021,3.58,,,,0,,,,68,47,,330,330,,,14.1,23,0,0,,,,0,
USW00093134,"LOS ANGELES DOWNTOWN USC, CA US",34.0236,-118.2911,54.6,2/21/2021,1.12,,,,0,,,,73,46,,260,270,,,8.1,13,0,0,,,,0,
USW00093134,"LOS ANGELES DOWNTOWN USC, CA US",34.0236,-118.2911,54.6,2/22/2021,0.67,,,,0,,,,82,48,,270,280,,,8.1,12.1,0,0,,,,0,
USW00093134,"LOS ANGELES DOWNTOWN USC, CA US",34.0236,-118.2911,54.6,2/23/2021,1.34,,,,0,,,,79,53,,270,270,,,10.1,15,0,0,,,,1,
USW00093134,"LOS ANGELES DOWNTOWN USC, CA US",34.0236,-118.2911,54.6,2/24/2021,1.12,,,,0,,,,75,52,,260,260,,,8.1,13,1,0,,,,1,
USW00093134,"LOS ANGELES DOWNTOWN USC, CA US",34.0236,-118.2911,54.6,2/25/2021,0.89,,,,0,,,,74,51,,270,260,,,6,11,1,0,,,,1,
USW00093134,"LOS ANGELES DOWNTOWN USC, CA US",34.0236,-118.2911,54.6,2/26/2021,0.89,,,,0,,,,74,47,,260,260,,,8.1,13,0,0,,,,0,
USW00093134,"LOS ANGELES DOWNTOWN USC, CA US",34.0236,-118.2911,54.6,2/27/2021,3.58,,,,0,,,,75,50,,330,330,,,12.1,19.9,0,0,,,,1,
USW00093134,"LOS ANGELES DOWNTOWN USC, CA US",34.0236,-118.2911,54.6,2/28/2021,0.67,,,,0,,,,73,49,,260,260,,,8.1,14.1,0,0,,,,0,
USW00093134,"LOS ANGELES DOWNTOWN USC, CA US",34.0236,-118.2911,54.6,3/1/2021,2.24,,,,0,,,,76,50,,270,260,,,8.9,16.1,0,0,,,,0,
USW00093134,"LOS ANGELES DOWNTOWN USC, CA US",34.0236,-118.2911,54.6,3/2/2021,1.79,,,,0,,,,76,49,,260,280,,,8.9,15,0,0,,,,0,
USW00093134,"LOS ANGELES DOWNTOWN USC, CA US",34.0236,-118.2911,54.6,3/3/2021,4.25,,,,0.16,,,,58,48,,90,90,,,17,30,0,0,,,,0,
USW00093134,"LOS ANGELES DOWNTOWN USC, CA US",34.0236,-118.2911,54.6,3/4/2021,1.57,,,,0,,,,67,46,,260,270,,,8.9,17,0,0,,,,1,
USW00093134,"LOS ANGELES DOWNTOWN USC, CA US",34.0236,-118.2911,54.6,3/5/2021,1.12,,,,0,,,,78,49,,270,260,,,8.1,14.1,0,0,,,,0,
USW00093134,"LOS ANGELES DOWNTOWN USC, CA US",34.0236,-118.2911,54.6,3/6/2021,2.24,,,,0,,,,69,51,,260,260,,,8.1,14.1,0,0,,,,0,
USW00093134,"LOS ANGELES DOWNTOWN USC, CA US",34.0236,-118.2911,54.6,3/7/2021,0.89,,,,0,,,,64,55,,260,260,,,8.1,13,0,0,,,,0,
USW00093134,"LOS ANGELES DOWNTOWN USC, CA US",34.0236,-118.2911,54.6,3/8/2021,2.24,,,,0,,,,66,54,,260,260,,,12.1,18.1,0,0,,,,0,
USW00093134,"LOS ANGELES DOWNTOWN USC, CA US",34.0236,-118.2911,54.6,3/9/2021,2.68,,,,0,,,,63,48,,260,260,,,15,30,0,0,,,,0,
USW00093134,"LOS ANGELES DOWNTOWN USC, CA US",34.0236,-118.2911,54.6,3/10/2021,2.24,,,,0.83,,,,59,47,,90,270,,,12.1,18.1,1,0,,,,0,
USW00093134,"LOS ANGELES DOWNTOWN USC, CA US",34.0236,-118.2911,54.6,3/11/2021,2.91,,,,0.12,,,,58,46,,260,250,,,10.1,17,1,0,,,,0,
USW00093134,"LOS ANGELES DOWNTOWN USC, CA US",34.0236,-118.2911,54.6,3/12/2021,1.79,,,,0,,,,60,44,,260,270,,,10.1,18.1,0,0,,,,0,
USW00093134,"LOS ANGELES DOWNTOWN USC, CA US",34.0236,-118.2911,54.6,3/13/2021,1.34,,,,0,,,,64,46,,260,270,,,8.9,16.1,0,0,,,,0,
USW00093134,"LOS ANGELES DOWNTOWN USC, CA US",34.0236,-118.2911,54.6,3/14/2021,2.01,,,,0,,,,64,53,,260,270,,,8.1,14.1,0,0,,,,0,
USW00093134,"LOS ANGELES DOWNTOWN USC, CA US",34.0236,-118.2911,54.6,3/15/2021,3.13,,,,0.3,,,,58,47,,260,99,,,10.1,23,1,0,,,,0,
USW00093134,"LOS ANGELES DOWNTOWN USC, CA US",34.0236,-118.2911,54.6,3/16/2021,2.01,,,,0,,,,61,45,,270,0,,,8.1,0,0,0,,,,0,
USW00093134,"LOS ANGELES DOWNTOWN USC, CA US",34.0236,-118.2911,54.6,3/17/2021,1.34,,,,0,,,,67,45,,260,0,,,6.9,0,0,0,,,,0,
USW00093134,"LOS ANGELES DOWNTOWN USC, CA US",34.0236,-118.2911,54.6,3/18/2021,1.12,,,,0,,,,66,51,,260,0,,,8.9,0,0,0,,,,0,
USW00093134,"LOS ANGELES DOWNTOWN USC, CA US",34.0236,-118.2911,54.6,3/19/2021,2.01,,,,0,,,,72,50,,250,0,,,8.9,0,0,0,,,,0,
USW00093134,"LOS ANGELES DOWNTOWN USC, CA US",34.0236,-118.2911,54.6,3/20/2021,2.01,,,,0,,,,68,55,,270,260,,,10.1,18.1,0,0,,,,0,
USW00093134,"LOS ANGELES DOWNTOWN USC, CA US",34.0236,-118.2911,54.6,3/21/2021,1.34,,,,0,,,,69,49,,340,330,,,8.1,16.1,0,0,,,,0,
USW00093134,"LOS ANGELES DOWNTOWN USC, CA US",34.0236,-118.2911,54.6,3/22/2021,2.24,,,,0,,,,69,53,,280,270,,,8.9,14.1,0,0,,,,0,
USW00093134,"LOS ANGELES DOWNTOWN USC, CA US",34.0236,-118.2911,54.6,3/23/2021,4.03,,,,0,,,,71,52,,260,270,,,13,28,0,0,,,,0,
USW00093134,"LOS ANGELES DOWNTOWN USC, CA US",34.0236,-118.2911,54.6,3/24/2021,4.25,,,,0,,,,73,55,,260,250,,,12.1,23.9,0,0,,,,0,
USW00093134,"LOS ANGELES DOWNTOWN USC, CA US",34.0236,-118.2911,54.6,3/25/2021,3.8,,,,0,,,,64,52,,260,0,,,8.9,0,0,0,,,,0,
USW00093134,"LOS ANGELES DOWNTOWN USC, CA US",34.0236,-118.2911,54.6,3/26/2021,2.46,,,,0,,,,65,51,,260,270,,,12.1,19,0,0,,,,0,
USW00093134,"LOS ANGELES DOWNTOWN USC, CA US",34.0236,-118.2911,54.6,3/27/2021,1.12,,,,0,,,,76,49,,260,0,,,6.9,0,0,0,,,,0,
USW00093134,"LOS ANGELES DOWNTOWN USC, CA US",34.0236,-118.2911,54.6,3/28/2021,1.57,,,,0,,,,86,53,,270,270,,,10.1,16.1,0,0,,,,0,
USW00093134,"LOS ANGELES DOWNTOWN USC, CA US",34.0236,-118.2911,54.6,3/29/2021,1.12,,,,0,,,,80,54,,260,260,,,6.9,12.1,0,0,,,,0,
USW00093134,"LOS ANGELES DOWNTOWN USC, CA US",34.0236,-118.2911,54.6,3/30/2021,2.24,,,,0,,,,75,56,,260,270,,,8.1,13,0,0,,,,1,
USW00093134,"LOS ANGELES DOWNTOWN USC, CA US",34.0236,-118.2911,54.6,3/31/2021,0.67,,,,0,,,,88,54,,270,260,,,10.1,15,0,0,,,,0,
USW00093134,"LOS ANGELES DOWNTOWN USC, CA US",34.0236,-118.2911,54.6,4/1/2021,1.34,,,,0,,,,88,61,,260,260,,,8.9,14.1,0,0,,,,1,
USW00093134,"LOS ANGELES DOWNTOWN USC, CA US",34.0236,-118.2911,54.6,4/2/2021,2.01,,,,0,,,,75,56,,260,260,,,8.9,14.1,1,0,,,,1,
USW00093134,"LOS ANGELES DOWNTOWN USC, CA US",34.0236,-118.2911,54.6,4/3/2021,0.67,,,,0,,,,70,55,,250,0,,,4.9,0,1,0,,,,1,
USW00093134,"LOS ANGELES DOWNTOWN USC, CA US",34.0236,-118.2911,54.6,4/4/2021,1.12,,,,0,,,,76,52,,260,270,,,8.9,14.1,0,0,,,,0,
USW00093134,"LOS ANGELES DOWNTOWN USC, CA US",34.0236,-118.2911,54.6,4/5/2021,1.57,,,,0,,,,72,55,,260,0,,,8.1,0,0,0,,,,0,
USW00093134,"LOS ANGELES DOWNTOWN USC, CA US",34.0236,-118.2911,54.6,4/6/2021,1.12,,,,0,,,,70,54,,270,280,,,8.9,14.1,0,0,,,,0,
USW00093134,"LOS ANGELES DOWNTOWN USC, CA US",34.0236,-118.2911,54.6,4/7/2021,0.67,,,,0,,,,73,55,,270,0,,,4.9,0,0,0,,,,0,
USW00093134,"LOS ANGELES DOWNTOWN USC, CA US",34.0236,-118.2911,54.6,4/8/2021,1.12,,,,0,,,,75,55,,260,270,,,8.1,15,0,0,,,,0,
USW00093134,"LOS ANGELES DOWNTOWN USC, CA US",34.0236,-118.2911,54.6,4/9/2021,1.12,,,,0,,,,74,55,,250,0,,,6,0,0,0,,,,1,
USW00093134,"LOS ANGELES DOWNTOWN USC, CA US",34.0236,-118.2911,54.6,4/10/2021,1.79,,,,0,,,,77,55,,260,0,,,6.9,0,0,0,,,,0,
USW00093134,"LOS ANGELES DOWNTOWN USC, CA US",34.0236,-118.2911,54.6,4/11/2021,1.12,,,,0,,,,74,58,,270,0,,,6,0,0,0,,,,1,
USW00093134,"LOS ANGELES DOWNTOWN USC, CA US",34.0236,-118.2911,54.6,4/12/2021,1.57,,,,0,,,,68,58,,270,260,,,8.9,15,0,0,,,,0,
USW00093134,"LOS ANGELES DOWNTOWN USC, CA US",34.0236,-118.2911,54.6,4/13/2021,1.79,,,,0,,,,63,57,,270,270,,,8.1,13,0,0,,,,0,
USW00093134,"LOS ANGELES DOWNTOWN USC, CA US",34.0236,-118.2911,54.6,4/14/2021,1.34,,,,0,,,,65,54,,260,280,,,8.1,16.1,0,0,,,,0,
USW00093134,"LOS ANGELES DOWNTOWN USC, CA US",34.0236,-118.2911,54.6,4/15/2021,1.57,,,,0,,,,68,51,,260,270,,,10.1,18.1,0,0,,,,1,
USW00093134,"LOS ANGELES DOWNTOWN USC, CA US",34.0236,-118.2911,54.6,4/16/2021,1.79,,,,0,,,,71,56,,270,270,,,8.9,15,0,0,,,,1,
USW00093134,"LOS ANGELES DOWNTOWN USC, CA US",34.0236,-118.2911,54.6,4/17/2021,1.12,,,,0,,,,71,55,,260,260,,,8.9,16.1,0,0,,,,0,
USW00093134,"LOS ANGELES DOWNTOWN USC, CA US",34.0236,-118.2911,54.6,4/18/2021,2.01,,,,0,,,,89,55,,10,260,,,13,19.9,0,0,,,,0,
USW00093134,"LOS ANGELES DOWNTOWN USC, CA US",34.0236,-118.2911,54.6,4/19/2021,1.12,,,,0,,,,85,59,,260,260,,,8.9,15,0,0,,,,1,
USW00093134,"LOS ANGELES DOWNTOWN USC, CA US",34.0236,-118.2911,54.6,4/20/2021,2.46,,,,0,,,,74,57,,260,260,,,8.9,17,0,0,,,,1,
USW00093134,"LOS ANGELES DOWNTOWN USC, CA US",34.0236,-118.2911,54.6,4/21/2021,2.24,,,,0,,,,66,58,,270,260,,,8.1,14.1,0,0,,,,1,
USW00093134,"LOS ANGELES DOWNTOWN USC, CA US",34.0236,-118.2911,54.6,4/22/2021,2.46,,,,0,,,,63,58,,270,0,,,8.9,0,0,0,,,,0,
USW00093134,"LOS ANGELES DOWNTOWN USC, CA US",34.0236,-118.2911,54.6,4/23/2021,0.67,,,,0,,,,65,58,,270,270,,,8.1,13,0,0,,,,0,
USW00093134,"LOS ANGELES DOWNTOWN USC, CA US",34.0236,-118.2911,54.6,4/24/2021,1.34,,,,0,,,,66,56,,260,260,,,8.1,16.1,0,0,,,,0,
USW00093134,"LOS ANGELES DOWNTOWN USC, CA US",34.0236,-118.2911,54.6,4/25/2021,1.34,,,,0,,,,68,56,,270,270,,,10.1,17,0,0,,,,0,
USW00093134,"LOS ANGELES DOWNTOWN USC, CA US",34.0236,-118.2911,54.6,4/26/2021,2.91,,,,0,,,,65,55,,260,0,,,8.9,0,0,0,,,,0,
USW00093134,"LOS ANGELES DOWNTOWN USC, CA US",34.0236,-118.2911,54.6,4/27/2021,2.46,,,,0,,,,68,56,,260,260,,,10.1,17,0,0,,,,1,
USW00093134,"LOS ANGELES DOWNTOWN USC, CA US",34.0236,-118.2911,54.6,4/28/2021,1.79,,,,0,,,,80,53,,270,260,,,12.1,19,0,0,,,,0,
USW00093134,"LOS ANGELES DOWNTOWN USC, CA US",34.0236,-118.2911,54.6,4/29/2021,1.57,,,,0,,,,87,58,,260,270,,,8.9,16.1,0,0,,,,0,
USW00093134,"LOS ANGELES DOWNTOWN USC, CA US",34.0236,-118.2911,54.6,4/30/2021,1.12,,,,0,,,,90,61,,260,270,,,8.1,14.1,0,0,,,,0,
USW00093134,"LOS ANGELES DOWNTOWN USC, CA US",34.0236,-118.2911,54.6,5/1/2021,1.34,,,,0,,,,76,58,,120,270,,,6.9,14.1,0,0,,,,1,
USW00093134,"LOS ANGELES DOWNTOWN USC, CA US",34.0236,-118.2911,54.6,5/2/2021,1.34,,,,0,,,,71,60,,260,270,,,8.9,16.1,0,0,,,,0,
USW00093134,"LOS ANGELES DOWNTOWN USC, CA US",34.0236,-118.2911,54.6,5/3/2021,1.79,,,,0,,,,72,60,,260,0,,,6,0,0,0,,,,0,
USW00093134,"LOS ANGELES DOWNTOWN USC, CA US",34.0236,-118.2911,54.6,5/4/2021,1.12,,,,0,,,,79,60,,270,0,,,6.9,0,0,0,,,,1,
USW00093134,"LOS ANGELES DOWNTOWN USC, CA US",34.0236,-118.2911,54.6,5/5/2021,1.79,,,,0,,,,80,59,,270,270,,,8.9,16.1,1,0,,,,1,
USW00093134,"LOS ANGELES DOWNTOWN USC, CA US",34.0236,-118.2911,54.6,5/6/2021,1.57,,,,0,,,,72,59,,280,270,,,10.1,17,0,0,,,,1,
USW00093134,"LOS ANGELES DOWNTOWN USC, CA US",34.0236,-118.2911,54.6,5/7/2021,1.57,,,,0,,,,69,59,,270,270,,,8.1,15,0,0,,,,0,
USW00093134,"LOS ANGELES DOWNTOWN USC, CA US",34.0236,-118.2911,54.6,5/8/2021,2.01,,,,0,,,,72,60,,260,270,,,10.1,14.1,0,0,,,,0,
USW00093134,"LOS ANGELES DOWNTOWN USC, CA US",34.0236,-118.2911,54.6,5/9/2021,1.34,,,,0,,,,71,60,,260,270,,,8.9,17,0,0,,,,0,
USW00093134,"LOS ANGELES DOWNTOWN USC, CA US",34.0236,-118.2911,54.6,5/10/2021,1.34,,,,0,,,,69,61,,260,270,,,6.9,12.1,0,0,,,,0,
USW00093134,"LOS ANGELES DOWNTOWN USC, CA US",34.0236,-118.2911,54.6,5/11/2021,1.12,,,,0,,,,72,62,,270,260,,,8.9,16.1,0,0,,,,0,
USW00093134,"LOS ANGELES DOWNTOWN USC, CA US",34.0236,-118.2911,54.6,5/12/2021,2.01,,,,0,,,,73,61,,270,0,,,10.1,0,0,0,,,,0,
USW00093134,"LOS ANGELES DOWNTOWN USC, CA US",34.0236,-118.2911,54.6,5/13/2021,2.01,,,,0,,,,67,61,,99,0,,,6,0,0,0,,,,0,
USW00093134,"LOS ANGELES DOWNTOWN USC, CA US",34.0236,-118.2911,54.6,5/14/2021,2.01,,,,0,,,,73,60,,270,0,,,8.1,0,0,0,,,,0,
USW00093134,"LOS ANGELES DOWNTOWN USC, CA US",34.0236,-118.2911,54.6,5/15/2021,2.01,,,,0,,,,70,61,,260,0,,,8.9,0,0,0,,,,0,
USW00093134,"LOS ANGELES DOWNTOWN USC, CA US",34.0236,-118.2911,54.6,5/16/2021,1.12,,,,0,,,,66,58,,250,0,,,6,0,0,0,,,,0,
USW00093134,"LOS ANGELES DOWNTOWN USC, CA US",34.0236,-118.2911,54.6,5/17/2021,2.01,,,,0,,,,68,60,,260,0,,,6,0,0,0,,,,0,
USW00093134,"LOS ANGELES DOWNTOWN USC, CA US",34.0236,-118.2911,54.6,5/18/2021,1.34,,,,0,,,,72,59,,99,0,,,6.9,0,0,0,,,,0,
USW00093134,"LOS ANGELES DOWNTOWN USC, CA US",34.0236,-118.2911,54.6,5/19/2021,2.01,,,,0,,,,75,60,,250,0,,,6,0,0,0,,,,0,
USW00093134,"LOS ANGELES DOWNTOWN USC, CA US",34.0236,-118.2911,54.6,5/20/2021,0.67,,,,0,,,,71,58,,260,0,,,8.1,0,0,0,,,,0,
USW00093134,"LOS ANGELES DOWNTOWN USC, CA US",34.0236,-118.2911,54.6,5/21/2021,2.24,,,,0,,,,75,56,,260,99,,,8.9,17,0,0,,,,0,
USW00093134,"LOS ANGELES DOWNTOWN USC, CA US",34.0236,-118.2911,54.6,5/22/2021,2.24,,,,0,,,,70,54,,270,270,,,10.1,16.1,0,0,,,,0,
USW00093134,"LOS ANGELES DOWNTOWN USC, CA US",34.0236,-118.2911,54.6,5/23/2021,2.01,,,,0,,,,72,54,,270,270,,,8.9,16.1,0,0,,,,0,
USW00093134,"LOS ANGELES DOWNTOWN USC, CA US",34.0236,-118.2911,54.6,5/24/2021,1.57,,,,0,,,,84,55,,270,260,,,8.9,16.1,0,0,,,,1,
USW00093134,"LOS ANGELES DOWNTOWN USC, CA US",34.0236,-118.2911,54.6,5/25/2021,1.12,,,,0,,,,85,62,,250,0,,,6,0,0,0,,,,0,
USW00093134,"LOS ANGELES DOWNTOWN USC, CA US",34.0236,-118.2911,54.6,5/26/2021,1.12,,,,0,,,,79,63,,260,110,,,8.1,13,0,0,,,,1,
USW00093134,"LOS ANGELES DOWNTOWN USC, CA US",34.0236,-118.2911,54.6,5/27/2021,2.01,,,,0,,,,74,62,,270,270,,,8.1,15,0,0,,,,0,
USW00093134,"LOS ANGELES DOWNTOWN USC, CA US",34.0236,-118.2911,54.6,5/28/2021,1.57,,,,0,,,,73,59,,260,250,,,10.1,17,0,0,,,,1,
USW00093134,"LOS ANGELES DOWNTOWN USC, CA US",34.0236,-118.2911,54.6,5/29/2021,0.89,,,,0,,,,71,60,,260,270,,,8.1,13,0,0,,,,0,
USW00093134,"LOS ANGELES DOWNTOWN USC, CA US",34.0236,-118.2911,54.6,5/30/2021,1.12,,,,0,,,,71,61,,250,270,,,6,14.1,0,0,,,,0,
USW00093134,"LOS ANGELES DOWNTOWN USC, CA US",34.0236,-118.2911,54.6,5/31/2021,1.34,,,,0,,,,74,62,,260,260,,,8.9,14.1,0,0,,,,0,
USW00093134,"LOS ANGELES DOWNTOWN USC, CA US",34.0236,-118.2911,54.6,6/1/2021,2.01,,,,0,,,,75,61,,280,0,,,6.9,0,0,0,,,,1,
USW00093134,"LOS ANGELES DOWNTOWN USC, CA US",34.0236,-118.2911,54.6,6/2/2021,1.34,,,,0,,,,73,60,,250,0,,,6,0,1,0,,,,1,
USW00093134,"LOS ANGELES DOWNTOWN USC, CA US",34.0236,-118.2911,54.6,6/3/2021,2.01,,,,0,,,,78,61,,270,0,,,8.1,0,0,0,,,,0,
USW00093134,"LOS ANGELES DOWNTOWN USC, CA US",34.0236,-118.2911,54.6,6/4/2021,0.89,,,,0,,,,77,60,,99,0,,,4.9,0,0,0,,,,0,
USW00093134,"LOS ANGELES DOWNTOWN USC, CA US",34.0236,-118.2911,54.6,6/5/2021,2.24,,,,0,,,,78,62,,260,0,,,8.1,0,0,0,,,,0,
USW00093134,"LOS ANGELES DOWNTOWN USC, CA US",34.0236,-118.2911,54.6,6/6/2021,2.24,,,,0,,,,75,62,,99,0,,,6,0,0,0,,,,0,
USW00093134,"LOS ANGELES DOWNTOWN USC, CA US",34.0236,-118.2911,54.6,6/7/2021,1.57,,,,0,,,,71,62,,260,260,,,8.1,15,0,0,,,,1,
USW00093134,"LOS ANGELES DOWNTOWN USC, CA US",34.0236,-118.2911,54.6,6/8/2021,1.79,,,,0,,,,75,62,,260,260,,,10.1,17,0,0,,,,0,
USW00093134,"LOS ANGELES DOWNTOWN USC, CA US",34.0236,-118.2911,54.6,6/9/2021,1.79,,,,0,,,,75,61,,260,260,,,12.1,19.9,0,0,,,,0,
USW00093134,"LOS ANGELES DOWNTOWN USC, CA US",34.0236,-118.2911,54.6,6/10/2021,2.01,,,,0,,,,75,58,,260,270,,,10.1,18.1,0,0,,,,0,
USW00093134,"LOS ANGELES DOWNTOWN USC, CA US",34.0236,-118.2911,54.6,6/11/2021,1.79,,,,0,,,,81,59,,280,0,,,6,0,0,0,,,,0,
USW00093134,"LOS ANGELES DOWNTOWN USC, CA US",34.0236,-118.2911,54.6,6/12/2021,1.57,,,,0,,,,83,61,,260,0,,,6.9,0,0,0,,,,0,
USW00093134,"LOS ANGELES DOWNTOWN USC, CA US",34.0236,-118.2911,54.6,6/13/2021,0.89,,,,0,,,,84,61,,270,0,,,6,0,1,0,,,,1,
USW00093134,"LOS ANGELES DOWNTOWN USC, CA US",34.0236,-118.2911,54.6,6/14/2021,1.34,,,,0,,,,85,63,,270,0,,,6.9,0,0,0,,,,0,
USW00093134,"LOS ANGELES DOWNTOWN USC, CA US",34.0236,-118.2911,54.6,6/15/2021,1.34,,,,0,,,,90,65,,90,280,,,6.9,11,0,0,,,,1,
USW00093134,"LOS ANGELES DOWNTOWN USC, CA US",34.0236,-118.2911,54.6,6/16/2021,0.67,,,,0,,,,88,68,,160,160,,,6.9,15,0,0,,,,0,
USW00093134,"LOS ANGELES DOWNTOWN USC, CA US",34.0236,-118.2911,54.6,6/17/2021,1.12,,,,0.02,,,,87,67,,260,270,,,8.9,16.1,0,0,,,,1,
USW00093134,"LOS ANGELES DOWNTOWN USC, CA US",34.0236,-118.2911,54.6,6/18/2021,1.57,,,,0,,,,82,66,,260,270,,,8.9,14.1,0,0,,,,1,
USW00093134,"LOS ANGELES DOWNTOWN USC, CA US",34.0236,-118.2911,54.6,6/19/2021,1.79,,,,0,,,,77,64,,260,260,,,8.1,14.1,0,0,,,,1,
USW00093134,"LOS ANGELES DOWNTOWN USC, CA US",34.0236,-118.2911,54.6,6/20/2021,1.34,,,,0,,,,78,63,,260,260,,,8.1,14.1,1,0,,,,1,
USW00093134,"LOS ANGELES DOWNTOWN USC, CA US",34.0236,-118.2911,54.6,6/21/2021,1.34,,,,0,,,,82,64,,260,270,,,8.9,18.1,0,0,,,,1,
USW00093134,"LOS ANGELES DOWNTOWN USC, CA US",34.0236,-118.2911,54.6,6/22/2021,1.34,,,,0,,,,76,62,,260,270,,,13,18.1,0,0,,,,0,
USW00093134,"LOS ANGELES DOWNTOWN USC, CA US",34.0236,-118.2911,54.6,6/23/2021,2.24,,,,0,,,,81,63,,270,270,,,10.1,16.1,0,0,,,,0,
USW00093134,"LOS ANGELES DOWNTOWN USC, CA US",34.0236,-118.2911,54.6,6/24/2021,2.91,,,,0,,,,74,62,,270,270,,,12.1,18.1,0,0,,,,0,
USW00093134,"LOS ANGELES DOWNTOWN USC, CA US",34.0236,-118.2911,54.6,6/25/2021,1.57,,,,0,,,,79,61,,260,270,,,8.1,14.1,0,0,,,,0,
USW00093134,"LOS ANGELES DOWNTOWN USC, CA US",34.0236,-118.2911,54.6,6/26/2021,0.45,,,,0,,,,81,63,,270,260,,,8.9,14.1,0,0,,,,0,
USW00093134,"LOS ANGELES DOWNTOWN USC, CA US",34.0236,-118.2911,54.6,6/27/2021,1.12,,,,0,,,,80,65,,260,260,,,8.1,13,0,0,,,,0,
USW00093134,"LOS ANGELES DOWNTOWN USC, CA US",34.0236,-118.2911,54.6,6/28/2021,1.12,,,,0,,,,81,66,,260,270,,,6.9,12.1,0,0,,,,1,
USW00093134,"LOS ANGELES DOWNTOWN USC, CA US",34.0236,-118.2911,54.6,6/29/2021,0.89,,,,0,,,,81,67,,270,260,,,6.9,12.1,0,0,,,,0,
USW00093134,"LOS ANGELES DOWNTOWN USC, CA US",34.0236,-118.2911,54.6,6/30/2021,0.89,,,,0,,,,81,66,,260,270,,,8.1,13,0,0,,,,0,
USW00093134,"LOS ANGELES DOWNTOWN USC, CA US",34.0236,-118.2911,54.6,7/1/2021,1.34,,,,0,,,,83,66,,260,260,,,8.1,14.1,0,0,,,,1,
USW00093134,"LOS ANGELES DOWNTOWN USC, CA US",34.0236,-118.2911,54.6,7/2/2021,1.34,,,,0,,,,83,64,,260,260,,,8.1,15,1,0,,,,1,
USW00093134,"LOS ANGELES DOWNTOWN USC, CA US",34.0236,-118.2911,54.6,7/3/2021,0.89,,,,0,,,,81,64,,260,270,,,10.1,15,1,0,,,,1,
USW00093134,"LOS ANGELES DOWNTOWN USC, CA US",34.0236,-118.2911,54.6,7/4/2021,1.34,,,,0,,,,81,63,,260,280,,,8.9,15,0,0,,,,1,
USW00093134,"LOS ANGELES DOWNTOWN USC, CA US",34.0236,-118.2911,54.6,7/5/2021,1.34,,,,0,,,,81,62,,270,270,,,8.9,14.1,0,0,,,,1,
USW00093134,"LOS ANGELES DOWNTOWN USC, CA US",34.0236,-118.2911,54.6,7/6/2021,1.57,,,,0,,,,81,63,,270,270,,,8.1,14.1,0,0,,,,1,
USW00093134,"LOS ANGELES DOWNTOWN USC, CA US",34.0236,-118.2911,54.6,7/7/2021,1.34,,,,0,,,,80,65,,260,260,,,6.9,14.1,0,0,,,,1,
USW00093134,"LOS ANGELES DOWNTOWN USC, CA US",34.0236,-118.2911,54.6,7/8/2021,1.34,,,,0,,,,84,68,,270,270,,,8.1,12.1,0,0,,,,0,
USW00093134,"LOS ANGELES DOWNTOWN USC, CA US",34.0236,-118.2911,54.6,7/9/2021,1.12,,,,0,,,,86,68,,270,270,,,8.9,14.1,0,0,,,,0,
USW00093134,"LOS ANGELES DOWNTOWN USC, CA US",34.0236,-118.2911,54.6,7/10/2021,1.57,,,,0,,,,85,69,,270,270,,,8.1,14.1,0,0,,,,0,
USW00093134,"LOS ANGELES DOWNTOWN USC, CA US",34.0236,-118.2911,54.6,7/11/2021,1.12,,,,0,,,,86,68,,260,270,,,6.9,13,0,0,,,,1,
USW00093134,"LOS ANGELES DOWNTOWN USC, CA US",34.0236,-118.2911,54.6,7/12/2021,1.79,,,,0,,,,83,69,,260,270,,,8.1,18.1,0,0,,,,1,
USW00093134,"LOS ANGELES DOWNTOWN USC, CA US",34.0236,-118.2911,54.6,7/13/2021,1.34,,,,0.1,,,,82,69,,260,280,,,8.1,13,1,0,,,,1,
USW00093134,"LOS ANGELES DOWNTOWN USC, CA US",34.0236,-118.2911,54.6,7/14/2021,1.79,,,,0,,,,85,67,,270,260,,,8.1,12.1,0,0,,,,1,
USW00093134,"LOS ANGELES DOWNTOWN USC, CA US",34.0236,-118.2911,54.6,7/15/2021,2.01,,,,0,,,,84,67,,260,270,,,8.1,14.1,0,0,,,,0,
USW00093134,"LOS ANGELES DOWNTOWN USC, CA US",34.0236,-118.2911,54.6,7/16/2021,1.79,,,,0,,,,82,67,,270,260,,,8.1,15,0,0,,,,1,
USW00093134,"LOS ANGELES DOWNTOWN USC, CA US",34.0236,-118.2911,54.6,7/17/2021,2.01,,,,0,,,,85,66,,260,260,,,8.9,15,0,0,,,,0,
USW00093134,"LOS ANGELES DOWNTOWN USC, CA US",34.0236,-118.2911,54.6,7/18/2021,1.57,,,,0,,,,88,67,,260,270,,,8.9,15,0,0,,,,0,
USW00093134,"LOS ANGELES DOWNTOWN USC, CA US",34.0236,-118.2911,54.6,7/19/2021,1.57,,,,0,,,,87,69,,270,270,,,10.1,17,0,0,,,,0,
USW00093134,"LOS ANGELES DOWNTOWN USC, CA US",34.0236,-118.2911,54.6,7/20/2021,1.79,,,,0,,,,87,68,,260,270,,,10.1,14.1,0,0,,,,0,
USW00093134,"LOS ANGELES DOWNTOWN USC, CA US",34.0236,-118.2911,54.6,7/21/2021,0.67,,,,0,,,,90,68,,260,260,,,8.9,14.1,0,0,,,,1,
USW00093134,"LOS ANGELES DOWNTOWN USC, CA US",34.0236,-118.2911,54.6,7/22/2021,1.34,,,,0,,,,87,70,,260,260,,,8.1,12.1,0,0,,,,1,
USW00093134,"LOS ANGELES DOWNTOWN USC, CA US",34.0236,-118.2911,54.6,7/23/2021,1.79,,,,0,,,,86,67,,260,270,,,8.9,15,0,0,,,,0,
USW00093134,"LOS ANGELES DOWNTOWN USC, CA US",34.0236,-118.2911,54.6,7/24/2021,0.67,,,,0,,,,80,68,,260,280,,,8.1,13,0,0,,,,1,
USW00093134,"LOS ANGELES DOWNTOWN USC, CA US",34.0236,-118.2911,54.6,7/25/2021,2.01,,,,0,,,,83,67,,260,270,,,8.9,14.1,0,0,,,,0,
USW00093134,"LOS ANGELES DOWNTOWN USC, CA US",34.0236,-118.2911,54.6,7/26/2021,2.01,,,,0.12,,,,77,67,,270,260,,,8.1,13,1,0,,,,1,
USW00093134,"LOS ANGELES DOWNTOWN USC, CA US",34.0236,-118.2911,54.6,7/27/2021,2.01,,,,0,,,,78,66,,260,260,,,8.9,16.1,0,0,,,,1,
USW00093134,"LOS ANGELES DOWNTOWN USC, CA US",34.0236,-118.2911,54.6,7/28/2021,1.57,,,,0,,,,83,65,,260,260,,,10.1,15,1,0,,,,1,
USW00093134,"LOS ANGELES DOWNTOWN USC, CA US",34.0236,-118.2911,54.6,7/29/2021,1.79,,,,0,,,,82,65,,270,260,,,8.9,16.1,0,0,,,,1,
USW00093134,"LOS ANGELES DOWNTOWN USC, CA US",34.0236,-118.2911,54.6,7/30/2021,1.79,,,,0,,,,82,64,,260,260,,,8.9,17,0,0,,,,1,
USW00093134,"LOS ANGELES DOWNTOWN USC, CA US",34.0236,-118.2911,54.6,7/31/2021,1.79,,,,0,,,,80,64,,260,270,,,8.9,16.1,1,0,,,,1,
USW00093134,"LOS ANGELES DOWNTOWN USC, CA US",34.0236,-118.2911,54.6,8/1/2021,1.12,,,,0,,,,86,64,,260,280,,,12.1,17,0,0,,,,1,
USW00093134,"LOS ANGELES DOWNTOWN USC, CA US",34.0236,-118.2911,54.6,8/2/2021,1.34,,,,0,,,,92,64,,270,280,,,10.1,15,0,0,,,,1,
USW00093134,"LOS ANGELES DOWNTOWN USC, CA US",34.0236,-118.2911,54.6,8/3/2021,1.12,,,,0,,,,89,65,,270,260,,,10.1,14.1,0,0,,,,1,
USW00093134,"LOS ANGELES DOWNTOWN USC, CA US",34.0236,-118.2911,54.6,8/4/2021,1.79,,,,0,,,,84,66,,270,270,,,8.9,14.1,0,0,,,,1,
USW00093134,"LOS ANGELES DOWNTOWN USC, CA US",34.0236,-118.2911,54.6,8/5/2021,0.67,,,,0,,,,85,67,,270,260,,,8.1,14.1,0,0,,,,1,
USW00093134,"LOS ANGELES DOWNTOWN USC, CA US",34.0236,-118.2911,54.6,8/6/2021,0.67,,,,0,,,,83,67,,260,270,,,8.1,14.1,0,0,,,,1,
USW00093134,"LOS ANGELES DOWNTOWN USC, CA US",34.0236,-118.2911,54.6,8/7/2021,1.34,,,,0,,,,83,67,,270,260,,,8.9,14.1,0,0,,,,1,
USW00093134,"LOS ANGELES DOWNTOWN USC, CA US",34.0236,-118.2911,54.6,8/8/2021,1.79,,,,0,,,,81,66,,260,270,,,8.1,14.1,0,0,,,,1,
USW00093134,"LOS ANGELES DOWNTOWN USC, CA US",34.0236,-118.2911,54.6,8/9/2021,1.57,,,,0,,,,86,66,,260,270,,,10.1,16.1,0,0,,,,1,
USW00093134,"LOS ANGELES DOWNTOWN USC, CA US",34.0236,-118.2911,54.6,8/10/2021,1.34,,,,0,,,,84,64,,270,260,,,8.1,13,1,0,,,,1,
USW00093134,"LOS ANGELES DOWNTOWN USC, CA US",34.0236,-118.2911,54.6,8/11/2021,1.12,,,,0,,,,89,66,,260,280,,,8.9,13,0,0,,,,1,
USW00093134,"LOS ANGELES DOWNTOWN USC, CA US",34.0236,-118.2911,54.6,8/12/2021,1.12,,,,0,,,,92,69,,260,260,,,8.9,14.1,0,0,,,,1,
USW00093134,"LOS ANGELES DOWNTOWN USC, CA US",34.0236,-118.2911,54.6,8/13/2021,0.89,,,,0,,,,90,69,,270,260,,,10.1,14.1,0,0,,,,1,
USW00093134,"LOS ANGELES DOWNTOWN USC, CA US",34.0236,-118.2911,54.6,8/14/2021,1.34,,,,0,,,,87,68,,270,280,,,8.1,13,0,0,,,,1,
USW00093134,"LOS ANGELES DOWNTOWN USC, CA US",34.0236,-118.2911,54.6,8/15/2021,1.12,,,,0,,,,88,67,,260,270,,,8.1,14.1,0,0,,,,1,
USW00093134,"LOS ANGELES DOWNTOWN USC, CA US",34.0236,-118.2911,54.6,8/16/2021,1.34,,,,0,,,,89,69,,260,270,,,8.1,14.1,0,0,,,,1,
USW00093134,"LOS ANGELES DOWNTOWN USC, CA US",34.0236,-118.2911,54.6,8/17/2021,1.34,,,,0,,,,86,70,,260,270,,,8.1,14.1,0,0,,,,1,
USW00093134,"LOS ANGELES DOWNTOWN USC, CA US",34.0236,-118.2911,54.6,8/18/2021,1.57,,,,0,,,,78,69,,260,270,,,8.1,11,0,0,,,,1,
USW00093134,"LOS ANGELES DOWNTOWN USC, CA US",34.0236,-118.2911,54.6,8/19/2021,1.12,,,,0,,,,79,66,,270,280,,,10.1,16.1,0,0,,,,0,
USW00093134,"LOS ANGELES DOWNTOWN USC, CA US",34.0236,-118.2911,54.6,8/20/2021,1.79,,,,0,,,,77,66,,270,260,,,8.9,18.1,0,0,,,,0,
USW00093134,"LOS ANGELES DOWNTOWN USC, CA US",34.0236,-118.2911,54.6,8/21/2021,1.57,,,,0,,,,76,64,,270,260,,,8.9,14.1,1,0,,,,1,
USW00093134,"LOS ANGELES DOWNTOWN USC, CA US",34.0236,-118.2911,54.6,8/22/2021,1.79,,,,0,,,,75,64,,270,270,,,10.1,17,0,0,,,,0,
USW00093134,"LOS ANGELES DOWNTOWN USC, CA US",34.0236,-118.2911,54.6,8/23/2021,1.12,,,,0,,,,77,63,,270,260,,,8.1,14.1,0,0,,,,1,
USW00093134,"LOS ANGELES DOWNTOWN USC, CA US",34.0236,-118.2911,54.6,8/24/2021,2.01,,,,0,,,,78,61,,260,270,,,8.9,14.1,0,0,,,,0,
USW00093134,"LOS ANGELES DOWNTOWN USC, CA US",34.0236,-118.2911,54.6,8/25/2021,0.89,,,,0,,,,83,63,,260,260,,,6.9,12.1,0,0,,,,0,
USW00093134,"LOS ANGELES DOWNTOWN USC, CA US",34.0236,-118.2911,54.6,8/26/2021,1.34,,,,0,,,,91,64,,270,270,,,12.1,16.1,0,0,,,,1,
USW00093134,"LOS ANGELES DOWNTOWN USC, CA US",34.0236,-118.2911,54.6,8/27/2021,1.57,,,,0,,,,85,62,,270,260,,,8.9,13,1,0,,,,1,
USW00093134,"LOS ANGELES DOWNTOWN USC, CA US",34.0236,-118.2911,54.6,8/28/2021,1.57,,,,0,,,,81,60,,260,270,,,6.9,13,1,0,,,,1,
USW00093134,"LOS ANGELES DOWNTOWN USC, CA US",34.0236,-118.2911,54.6,8/29/2021,0.89,,,,0,,,,78,61,,260,280,,,8.1,14.1,1,0,,,,1,
USW00093134,"LOS ANGELES DOWNTOWN USC, CA US",34.0236,-118.2911,54.6,8/30/2021,1.79,,,,0,,,,81,63,,270,270,,,8.9,15,1,0,,,,1,
USW00093134,"LOS ANGELES DOWNTOWN USC, CA US",34.0236,-118.2911,54.6,8/31/2021,1.12,,,,0,,,,75,64,,260,270,,,8.1,13,0,0,,,,1,
USW00093134,"LOS ANGELES DOWNTOWN USC, CA US",34.0236,-118.2911,54.6,9/1/2021,1.12,,,,0,,,,77,65,,260,270,,,8.9,12.1,0,0,,,,1,
USW00093134,"LOS ANGELES DOWNTOWN USC, CA US",34.0236,-118.2911,54.6,9/2/2021,1.12,,,,0,,,,76,63,,260,270,,,8.9,15,0,0,,,,0,
USW00093134,"LOS ANGELES DOWNTOWN USC, CA US",34.0236,-118.2911,54.6,9/3/2021,1.34,,,,0,,,,77,63,,260,270,,,8.9,15,1,0,,,,1,
USW00093134,"LOS ANGELES DOWNTOWN USC, CA US",34.0236,-118.2911,54.6,9/4/2021,1.57,,,,0,,,,88,61,,260,270,,,8.9,14.1,0,0,,,,0,
USW00093134,"LOS ANGELES DOWNTOWN USC, CA US",34.0236,-118.2911,54.6,9/5/2021,1.57,,,,0,,,,94,62,,260,280,,,10.1,16.1,0,0,,,,1,
USW00093134,"LOS ANGELES DOWNTOWN USC, CA US",34.0236,-118.2911,54.6,9/6/2021,1.34,,,,0,,,,86,68,,270,270,,,10.1,15,0,0,,,,1,
USW00093134,"LOS ANGELES DOWNTOWN USC, CA US",34.0236,-118.2911,54.6,9/7/2021,1.34,,,,0,,,,84,67,,260,260,,,8.1,13,1,0,,,,1,
USW00093134,"LOS ANGELES DOWNTOWN USC, CA US",34.0236,-118.2911,54.6,9/8/2021,1.34,,,,0,,,,84,64,,260,260,,,8.9,13,1,0,,,,1,
USW00093134,"LOS ANGELES DOWNTOWN USC, CA US",34.0236,-118.2911,54.6,9/9/2021,2.01,,,,0,,,,89,64,,260,260,,,8.1,14.1,0,0,,,,0,
USW00093134,"LOS ANGELES DOWNTOWN USC, CA US",34.0236,-118.2911,54.6,9/10/2021,1.34,,,,0.01,,,,83,65,,270,270,,,8.1,12.1,0,0,,,,0,
USW00093134,"LOS ANGELES DOWNTOWN USC, CA US",34.0236,-118.2911,54.6,9/11/2021,1.34,,,,0,,,,88,67,,260,270,,,8.9,16.1,0,0,,,,0,
USW00093134,"LOS ANGELES DOWNTOWN USC, CA US",34.0236,-118.2911,54.6,9/12/2021,1.12,,,,0,,,,85,61,,260,270,,,8.9,13,1,0,,,,0,
USW00093134,"LOS ANGELES DOWNTOWN USC, CA US",34.0236,-118.2911,54.6,9/13/2021,1.12,,,,0,,,,80,59,,270,0,,,6,0,1,0,,,,1,
USW00093134,"LOS ANGELES DOWNTOWN USC, CA US",34.0236,-118.2911,54.6,9/14/2021,1.34,,,,0,,,,80,57,,260,260,,,8.1,12.1,1,0,,,,1,
USW00093134,"LOS ANGELES DOWNTOWN USC, CA US",34.0236,-118.2911,54.6,9/15/2021,1.79,,,,0,,,,76,61,,260,270,,,8.1,13,1,0,,,,1,
USW00093134,"LOS ANGELES DOWNTOWN USC, CA US",34.0236,-118.2911,54.6,9/16/2021,1.12,,,,0,,,,74,60,,270,270,,,8.1,14.1,0,0,,,,1,
USW00093134,"LOS ANGELES DOWNTOWN USC, CA US",34.0236,-118.2911,54.6,9/17/2021,1.57,,,,0,,,,75,60,,260,270,,,8.9,14.1,0,0,,,,1,
USW00093134,"LOS ANGELES DOWNTOWN USC, CA US",34.0236,-118.2911,54.6,9/18/2021,2.01,,,,0,,,,73,59,,260,280,,,8.9,16.1,0,0,,,,0,
USW00093134,"LOS ANGELES DOWNTOWN USC, CA US",34.0236,-118.2911,54.6,9/19/2021,0.89,,,,0,,,,76,59,,260,260,,,8.9,15,0,0,,,,1,
USW00093134,"LOS ANGELES DOWNTOWN USC, CA US",34.0236,-118.2911,54.6,9/20/2021,0.67,,,,0,,,,84,62,,260,270,,,6.9,12.1,1,0,,,,1,
USW00093134,"LOS ANGELES DOWNTOWN USC, CA US",34.0236,-118.2911,54.6,9/21/2021,1.12,,,,0,,,,94,64,,270,260,,,6.9,11,0,0,,,,0,
USW00093134,"LOS ANGELES DOWNTOWN USC, CA US",34.0236,-118.2911,54.6,9/22/2021,0.89,,,,0,,,,88,67,,260,270,,,8.9,15,0,0,,,,0,
USW00093134,"LOS ANGELES DOWNTOWN USC, CA US",34.0236,-118.2911,54.6,9/23/2021,1.12,,,,0,,,,81,61,,260,260,,,8.1,12.1,1,0,,,,0,
USW00093134,"LOS ANGELES DOWNTOWN USC, CA US",34.0236,-118.2911,54.6,9/24/2021,0.89,,,,0,,,,76,60,,260,260,,,8.1,13,1,0,,,,1,
USW00093134,"LOS ANGELES DOWNTOWN USC, CA US",34.0236,-118.2911,54.6,9/25/2021,2.46,,,,0,,,,74,61,,260,270,,,8.9,14.1,1,0,,,,1,
USW00093134,"LOS ANGELES DOWNTOWN USC, CA US",34.0236,-118.2911,54.6,9/26/2021,1.57,,,,0,,,,69,63,,270,270,,,8.1,13,0,0,,,,0,
USW00093134,"LOS ANGELES DOWNTOWN USC, CA US",34.0236,-118.2911,54.6,9/27/2021,0.67,,,,0,,,,68,63,,260,260,,,6.9,8.9,0,0,,,,0,
USW00093134,"LOS ANGELES DOWNTOWN USC, CA US",34.0236,-118.2911,54.6,9/28/2021,1.12,,,,0,,,,72,62,,270,260,,,8.9,14.1,0,0,,,,0,
USW00093134,"LOS ANGELES DOWNTOWN USC, CA US",34.0236,-118.2911,54.6,9/29/2021,1.57,,,,0,,,,73,59,,260,270,,,8.1,15,0,0,,,,0,
USW00093134,"LOS ANGELES DOWNTOWN USC, CA US",34.0236,-118.2911,54.6,9/30/2021,1.12,,,,0,,,,86,58,,260,260,,,8.9,14.1,0,0,,,,1,
USW00093134,"LOS ANGELES DOWNTOWN USC, CA US",34.0236,-118.2911,54.6,10/1/2021,1.12,,,,0,,,,90,59,,260,260,,,8.1,13,0,0,,,,1,
USW00093134,"LOS ANGELES DOWNTOWN USC, CA US",34.0236,-118.2911,54.6,10/2/2021,1.12,,,,0,,,,91,58,,260,270,,,8.1,13,0,0,,,,0,
USW00093134,"LOS ANGELES DOWNTOWN USC, CA US",34.0236,-118.2911,54.6,10/3/2021,0.89,,,,0,,,,93,61,,260,260,,,10.1,14.1,0,0,,,,0,
USW00093134,"LOS ANGELES DOWNTOWN USC, CA US",34.0236,-118.2911,54.6,10/4/2021,0.89,,,,0.1,,,,86,66,,140,130,,,13,21.9,0,0,,,,1,
USW00093134,"LOS ANGELES DOWNTOWN USC, CA US",34.0236,-118.2911,54.6,10/5/2021,2.01,,,,0.02,,,,81,64,,260,270,,,10.1,18.1,0,0,,,,0,
USW00093134,"LOS ANGELES DOWNTOWN USC, CA US",34.0236,-118.2911,54.6,10/6/2021,1.34,,,,0,,,,74,62,,270,270,,,8.1,14.1,1,0,,,,1,
USW00093134,"LOS ANGELES DOWNTOWN USC, CA US",34.0236,-118.2911,54.6,10/7/2021,0.22,,,,0,,,,71,64,,270,270,,,6.9,11,0,0,,,,1,
USW00093134,"LOS ANGELES DOWNTOWN USC, CA US",34.0236,-118.2911,54.6,10/8/2021,2.01,,,,0.01,,,,69,60,,260,270,,,8.1,13,0,0,,,,0,
USW00093134,"LOS ANGELES DOWNTOWN USC, CA US",34.0236,-118.2911,54.6,10/9/2021,0.89,,,,0,,,,71,55,,260,260,,,10.1,16.1,0,0,,,,0,
USW00093134,"LOS ANGELES DOWNTOWN USC, CA US",34.0236,-118.2911,54.6,10/10/2021,0.89,,,,0,,,,79,55,,270,270,,,8.9,13,0,0,,,,0,
USW00093134,"LOS ANGELES DOWNTOWN USC, CA US",34.0236,-118.2911,54.6,10/11/2021,3.13,,,,0,,,,73,57,,320,330,,,14.1,27.1,1,0,,,,1,
USW00093134,"LOS ANGELES DOWNTOWN USC, CA US",34.0236,-118.2911,54.6,10/12/2021,3.58,,,,0,,,,70,56,,260,270,,,10.1,19,0,0,,,,0,
USW00093134,"LOS ANGELES DOWNTOWN USC, CA US",34.0236,-118.2911,54.6,10/13/2021,1.57,,,,0,,,,73,51,,270,260,,,8.9,15,0,0,,,,1,
USW00093134,"LOS ANGELES DOWNTOWN USC, CA US",34.0236,-118.2911,54.6,10/14/2021,1.12,,,,0,,,,76,52,,260,260,,,8.1,12.1,0,0,,,,0,
USW00093134,"LOS ANGELES DOWNTOWN USC, CA US",34.0236,-118.2911,54.6,10/15/2021,0.89,,,,0,,,,88,55,,260,270,,,8.9,15,0,0,,,,0,
USW00093134,"LOS ANGELES DOWNTOWN USC, CA US",34.0236,-118.2911,54.6,10/16/2021,1.57,,,,0,,,,87,58,,270,260,,,8.1,16.1,0,0,,,,0,
USW00093134,"LOS ANGELES DOWNTOWN USC, CA US",34.0236,-118.2911,54.6,10/17/2021,2.01,,,,0,,,,75,54,,270,250,,,12.1,19,0,0,,,,0,
USW00093134,"LOS ANGELES DOWNTOWN USC, CA US",34.0236,-118.2911,54.6,10/18/2021,2.01,,,,0.04,,,,67,58,,270,260,,,8.9,15,1,0,,,,0,
USW00093134,"LOS ANGELES DOWNTOWN USC, CA US",34.0236,-118.2911,54.6,10/19/2021,1.57,,,,0,,,,69,53,,270,270,,,8.9,13,0,0,,,,1,
USW00093134,"LOS ANGELES DOWNTOWN USC, CA US",34.0236,-118.2911,54.6,10/20/2021,1.12,,,,0,,,,71,53,,260,270,,,8.9,14.1,0,0,,,,0,
USW00093134,"LOS ANGELES DOWNTOWN USC, CA US",34.0236,-118.2911,54.6,10/21/2021,1.12,,,,0,,,,76,52,,260,260,,,8.9,14.1,1,0,,,,0,
USW00093134,"LOS ANGELES DOWNTOWN USC, CA US",34.0236,-118.2911,54.6,10/22/2021,1.57,,,,0,,,,68,57,,270,260,,,8.9,14.1,1,0,,,,1,
USW00093134,"LOS ANGELES DOWNTOWN USC, CA US",34.0236,-118.2911,54.6,10/23/2021,1.57,,,,0.05,,,,69,60,,260,260,,,8.9,14.1,1,0,,,,1,
USW00093134,"LOS ANGELES DOWNTOWN USC, CA US",34.0236,-118.2911,54.6,10/24/2021,0.67,,,,0,,,,71,59,,260,260,,,8.1,15,0,0,,,,0,
USW00093134,"LOS ANGELES DOWNTOWN USC, CA US",34.0236,-118.2911,54.6,10/25/2021,2.68,,,,0.49,,,,61,54,,270,270,,,8.1,16.1,1,0,,,,0,
USW00093134,"LOS ANGELES DOWNTOWN USC, CA US",34.0236,-118.2911,54.6,10/26/2021,0.22,,,,0,,,,70,50,,270,270,,,8.9,15,1,0,,,,0,
USW00093134,"LOS ANGELES DOWNTOWN USC, CA US",34.0236,-118.2911,54.6,10/27/2021,0.89,,,,0,,,,82,52,,270,270,,,6.9,11,0,0,,,,0,
USW00093134,"LOS ANGELES DOWNTOWN USC, CA US",34.0236,-118.2911,54.6,10/28/2021,0.89,,,,0,,,,88,58,,270,260,,,8.1,13,0,0,,,,1,
USW00093134,"LOS ANGELES DOWNTOWN USC, CA US",34.0236,-118.2911,54.6,10/29/2021,1.12,,,,0,,,,85,59,,260,270,,,6.9,11,1,0,,,,0,
USW00093134,"LOS ANGELES DOWNTOWN USC, CA US",34.0236,-118.2911,54.6,10/30/2021,0.89,,,,0,,,,71,58,,260,270,,,6.9,12.1,1,1,,,,1,
USW00093134,"LOS ANGELES DOWNTOWN USC, CA US",34.0236,-118.2911,54.6,10/31/2021,0.45,,,,0,,,,68,57,,260,270,,,6.9,12.1,1,0,,,,1,
USW00093134,"LOS ANGELES DOWNTOWN USC, CA US",34.0236,-118.2911,54.6,11/1/2021,0.45,,,,0,,,,66,55,,270,270,,,8.9,15,1,0,,,,1,
USW00093134,"LOS ANGELES DOWNTOWN USC, CA US",34.0236,-118.2911,54.6,11/2/2021,0.67,,,,0,,,,68,54,,270,270,,,6,11,1,0,,,,1,
USW00093134,"LOS ANGELES DOWNTOWN USC, CA US",34.0236,-118.2911,54.6,11/3/2021,1.12,,,,0,,,,71,56,,270,260,,,8.1,13,1,0,,,,1,
USW00093134,"LOS ANGELES DOWNTOWN USC, CA US",34.0236,-118.2911,54.6,11/4/2021,0.89,,,,0,,,,71,57,,270,260,,,6.9,12.1,1,1,,,,1,
USW00093134,"LOS ANGELES DOWNTOWN USC, CA US",34.0236,-118.2911,54.6,11/5/2021,1.12,,,,0,,,,72,56,,260,260,,,6.9,10.1,1,1,,,,1,
USW00093134,"LOS ANGELES DOWNTOWN USC, CA US",34.0236,-118.2911,54.6,11/6/2021,1.57,,,,0,,,,69,56,,260,270,,,6.9,11,1,0,,,,1,
USW00093134,"LOS ANGELES DOWNTOWN USC, CA US",34.0236,-118.2911,54.6,11/7/2021,1.34,,,,0,,,,66,54,,260,270,,,8.1,12.1,1,0,,,,1,
USW00093134,"LOS ANGELES DOWNTOWN USC, CA US",34.0236,-118.2911,54.6,11/8/2021,1.79,,,,0,,,,69,55,,260,270,,,6.9,11,1,0,,,,1,
USW00093134,"LOS ANGELES DOWNTOWN USC, CA US",34.0236,-118.2911,54.6,11/9/2021,1.57,,,,0,,,,66,55,,260,260,,,8.9,14.1,1,0,,,,1,
USW00093134,"LOS ANGELES DOWNTOWN USC, CA US",34.0236,-118.2911,54.6,11/10/2021,0.89,,,,0,,,,74,59,,270,270,,,6.9,11,1,0,,,,1,
USW00093134,"LOS ANGELES DOWNTOWN USC, CA US",34.0236,-118.2911,54.6,11/11/2021,0.45,,,,0,,,,85,56,,260,260,,,8.1,11,0,0,,,,0,
USW00093134,"LOS ANGELES DOWNTOWN USC, CA US",34.0236,-118.2911,54.6,11/12/2021,0.45,,,,0,,,,90,58,,270,260,,,6.9,13,0,0,,,,0,
USW00093134,"LOS ANGELES DOWNTOWN USC, CA US",34.0236,-118.2911,54.6,11/13/2021,1.12,,,,0,,,,90,62,,260,260,,,6.9,11,0,0,,,,0,
USW00093134,"LOS ANGELES DOWNTOWN USC, CA US",34.0236,-118.2911,54.6,11/14/2021,0.89,,,,0,,,,89,56,,270,260,,,6.9,11,0,0,,,,0,
USW00093134,"LOS ANGELES DOWNTOWN USC, CA US",34.0236,-118.2911,54.6,11/15/2021,1.12,,,,0,,,,81,56,,270,260,,,6.9,11,1,0,,,,0,
USW00093134,"LOS ANGELES DOWNTOWN USC, CA US",34.0236,-118.2911,54.6,11/16/2021,1.12,,,,0,,,,67,56,,260,270,,,6.9,11,1,0,,,,1,
USW00093134,"LOS ANGELES DOWNTOWN USC, CA US",34.0236,-118.2911,54.6,11/17/2021,1.34,,,,0,,,,68,55,,260,260,,,8.1,12.1,1,0,,,,1,
USW00093134,"LOS ANGELES DOWNTOWN USC, CA US",34.0236,-118.2911,54.6,11/18/2021,0.89,,,,0,,,,66,52,,260,260,,,6.9,10.1,1,0,,,,1,
USW00093134,"LOS ANGELES DOWNTOWN USC, CA US",34.0236,-118.2911,54.6,11/19/2021,0.67,,,,0,,,,67,56,,260,260,,,6.9,13,1,0,,,,1,
USW00093134,"LOS ANGELES DOWNTOWN USC, CA US",34.0236,-118.2911,54.6,11/20/2021,0.89,,,,0,,,,65,54,,260,270,,,8.1,12.1,1,0,,,,1,
USW00093134,"LOS ANGELES DOWNTOWN USC, CA US",34.0236,-118.2911,54.6,11/21/2021,0.67,,,,0,,,,84,50,,100,90,,,6,8.9,1,0,,,,1,
USW00093134,"LOS ANGELES DOWNTOWN USC, CA US",34.0236,-118.2911,54.6,11/22/2021,1.12,,,,0,,,,83,53,,10,20,,,6.9,10.1,0,0,,,,0,
USW00093134,"LOS ANGELES DOWNTOWN USC, CA US",34.0236,-118.2911,54.6,11/23/2021,0.22,,,,0,,,,74,56,,120,260,,,6,11,0,0,,,,1,
USW00093134,"LOS ANGELES DOWNTOWN USC, CA US",34.0236,-118.2911,54.6,11/24/2021,2.01,,,,0,,,,72,52,,40,10,,,6.9,13,0,0,,,,0,
USW00093134,"LOS ANGELES DOWNTOWN USC, CA US",34.0236,-118.2911,54.6,11/25/2021,0.22,,,,0,,,,76,47,,260,270,,,6.9,11,0,0,,,,0,
USW00093134,"LOS ANGELES DOWNTOWN USC, CA US",34.0236,-118.2911,54.6,11/26/2021,0.89,,,,0,,,,76,47,,270,260,,,8.1,12.1,0,0,,,,0,
USW00093134,"LOS ANGELES DOWNTOWN USC, CA US",34.0236,-118.2911,54.6,11/27/2021,0.89,,,,0,,,,77,49,,260,270,,,6,10.1,0,0,,,,0,
USW00093134,"LOS ANGELES DOWNTOWN USC, CA US",34.0236,-118.2911,54.6,11/28/2021,0.67,,,,0,,,,76,49,,260,270,,,6,8.9,1,0,,,,0,
USW00093134,"LOS ANGELES DOWNTOWN USC, CA US",34.0236,-118.2911,54.6,11/29/2021,0.67,,,,0,,,,76,50,,260,270,,,6.9,10.1,1,0,,,,1,
USW00093134,"LOS ANGELES DOWNTOWN USC, CA US",34.0236,-118.2911,54.6,11/30/2021,0.22,,,,0,,,,68,49,,260,260,,,6,8.9,1,0,,,,1,
USW00093134,"LOS ANGELES DOWNTOWN USC, CA US",34.0236,-118.2911,54.6,12/1/2021,0,,,,0,,,,73,49,,260,260,,,6,8.1,1,1,,,,1,
USW00093134,"LOS ANGELES DOWNTOWN USC, CA US",34.0236,-118.2911,54.6,12/2/2021,0.89,,,,0,,,,63,51,,260,270,,,8.1,12.1,1,1,,,,1,
USW00093134,"LOS ANGELES DOWNTOWN USC, CA US",34.0236,-118.2911,54.6,12/3/2021,0.67,,,,0,,,,63,53,,270,270,,,8.1,12.1,1,0,,,,1,
USW00093134,"LOS ANGELES DOWNTOWN USC, CA US",34.0236,-118.2911,54.6,12/4/2021,1.12,,,,0,,,,64,54,,260,270,,,6.9,11,1,0,,,,1,
USW00093134,"LOS ANGELES DOWNTOWN USC, CA US",34.0236,-118.2911,54.6,12/5/2021,0.89,,,,0,,,,65,51,,120,130,,,6,8.1,1,0,,,,1,
USW00093134,"LOS ANGELES DOWNTOWN USC, CA US",34.0236,-118.2911,54.6,12/6/2021,0.22,,,,0,,,,67,47,,100,270,,,6,8.9,1,0,,,,1,
USW00093134,"LOS ANGELES DOWNTOWN USC, CA US",34.0236,-118.2911,54.6,12/7/2021,1.79,,,,0.01,,,,64,54,,90,80,,,6.9,10.1,1,0,,,,1,
USW00093134,"LOS ANGELES DOWNTOWN USC, CA US",34.0236,-118.2911,54.6,12/8/2021,0.89,,,,0,,,,66,50,,260,270,,,8.1,14.1,1,0,,,,1,
USW00093134,"LOS ANGELES DOWNTOWN USC, CA US",34.0236,-118.2911,54.6,12/9/2021,2.01,,,,0.12,,,,59,52,,340,260,,,8.9,16.1,1,0,,,,1,
USW00093134,"LOS ANGELES DOWNTOWN USC, CA US",34.0236,-118.2911,54.6,12/10/2021,0.89,,,,0,,,,62,46,,90,330,,,8.1,12.1,0,0,,,,0,
USW00093134,"LOS ANGELES DOWNTOWN USC, CA US",34.0236,-118.2911,54.6,12/11/2021,1.57,,,,0,,,,67,47,,100,270,,,6.9,10.1,0,0,,,,0,
USW00093134,"LOS ANGELES DOWNTOWN USC, CA US",34.0236,-118.2911,54.6,12/12/2021,0.67,,,,0,,,,64,43,,260,260,,,6.9,11,0,0,,,,0,
USW00093134,"LOS ANGELES DOWNTOWN USC, CA US",34.0236,-118.2911,54.6,12/13/2021,3.36,,,,0.03,,,,59,47,,90,100,,,8.9,14.1,1,0,,,,0,
USW00093134,"LOS ANGELES DOWNTOWN USC, CA US",34.0236,-118.2911,54.6,12/14/2021,3.58,,,,2.16,,,,58,43,,270,270,,,15,25.9,1,1,,,,0,
USW00093134,"LOS ANGELES DOWNTOWN USC, CA US",34.0236,-118.2911,54.6,12/15/2021,1.12,,,,0,,,,57,39,,270,270,,,6.9,11,0,0,,,,0,
USW00093134,"LOS ANGELES DOWNTOWN USC, CA US",34.0236,-118.2911,54.6,12/16/2021,1.34,,,,0.03,,,,58,40,,90,110,,,6,8.9,1,0,,,,1,
USW00093134,"LOS ANGELES DOWNTOWN USC, CA US",34.0236,-118.2911,54.6,12/17/2021,0.22,,,,0,,,,66,45,,270,270,,,6,11,1,0,,,,1,
USW00093134,"LOS ANGELES DOWNTOWN USC, CA US",34.0236,-118.2911,54.6,12/18/2021,0.89,,,,0,,,,69,42,,260,260,,,6,8.9,0,0,,,,0,
USW00093134,"LOS ANGELES DOWNTOWN USC, CA US",34.0236,-118.2911,54.6,12/19/2021,1.12,,,,0,,,,65,42,,260,260,,,6.9,12.1,1,0,,,,0,
USW00093134,"LOS ANGELES DOWNTOWN USC, CA US",34.0236,-118.2911,54.6,12/20/2021,0,,,,0,,,,66,41,,140,270,,,4.9,6.9,1,0,,,,1,
USW00093134,"LOS ANGELES DOWNTOWN USC, CA US",34.0236,-118.2911,54.6,12/21/2021,0.22,,,,0,,,,69,50,,260,270,,,4.9,8.1,0,0,,,,1,
USW00093134,"LOS ANGELES DOWNTOWN USC, CA US",34.0236,-118.2911,54.6,12/22/2021,0,,,,0,,,,64,47,,260,270,,,6,8.1,0,0,,,,0,
USW00093134,"LOS ANGELES DOWNTOWN USC, CA US",34.0236,-118.2911,54.6,12/23/2021,4.92,,,,1.66,,,,58,52,,100,80,,,14.1,21,1,0,,,,1,
USW00093134,"LOS ANGELES DOWNTOWN USC, CA US",34.0236,-118.2911,54.6,12/24/2021,2.24,,,,0.29,,,,61,52,,260,280,,,10.1,18.1,1,0,,,,0,
USW00093134,"LOS ANGELES DOWNTOWN USC, CA US",34.0236,-118.2911,54.6,12/25/2021,1.57,,,,0.54,,,,56,50,,130,270,,,6.9,12.1,1,0,,,,1,
USW00093134,"LOS ANGELES DOWNTOWN USC, CA US",34.0236,-118.2911,54.6,12/26/2021,0.22,,,,0.07,,,,59,44,,260,260,,,6.9,13,1,0,,,,0,
USW00093134,"LOS ANGELES DOWNTOWN USC, CA US",34.0236,-118.2911,54.6,12/27/2021,1.34,,,,0.24,,,,55,42,,260,280,,,8.1,16.1,1,0,,,,1,
USW00093134,"LOS ANGELES DOWNTOWN USC, CA US",34.0236,-118.2911,54.6,12/28/2021,1.12,,,,0,,,,55,42,,80,270,,,8.1,13,1,0,,,,0,
USW00093134,"LOS ANGELES DOWNTOWN USC, CA US",34.0236,-118.2911,54.6,12/29/2021,4.47,,,,1.74,,,,53,46,,60,80,,,10.1,16.1,1,0,,,,0,
USW00093134,"LOS ANGELES DOWNTOWN USC, CA US",34.0236,-118.2911,54.6,12/30/2021,4.92,,,,2.57,,,,55,51,,90,80,,,14.1,23,1,0,,,,0,
USW00093134,"LOS ANGELES DOWNTOWN USC, CA US",34.0236,-118.2911,54.6,12/31/2021,0.89,,,,0,,,,59,45,,260,270,,,6.9,13,1,0,,,,0,
